Keyword,Monthly Search Volume
dog parks near me,8500
dog parks new york,5400
nyc dog parks,4800
off leash dog parks nyc,3200
closest dog park,3100
dog runs new york,2900
dog friendly parks nyc,2600
off leash hours nyc,2400
manhattan dog parks,2200
brooklyn dog parks,1800
dog parks by subway,1800
fenced dog parks,1700
dog parks with parking,1600
queens dog parks,1500
dog parks with water fountains,1400
dog parks with separate small dog area,1300
bronx dog parks,1200
24 hour dog parks,1100
dog parks open late,950
shaded dog parks,950
staten island dog parks,900
dog parks with waste bags,850
dog parks open early,850
dog parks with seating,750
dog parks with agility equipment,650
dog parks with swimming areas,600
